title,rating,runtime,imdb_rating,genre,release_year,description,director,votes,stars,type
Love Actually,R,2hr 15 mins,7.6,"Comedy, Drama, Romance",2003,"Follows the lives of eight very different couples in dealing with their love lives in various loosely interrelated tales all set during a frantic month before Christmas in London, England.",Richard Curtis,517283,"Hugh Grant, Martine McCutcheon, Liam Neeson, Laura Linney, ",Movie
Home Alone,PG,1hr 43 mins,7.7,"Comedy, Family",1990,"An eight-year-old troublemaker, mistakenly left home alone, must defend his home against a pair of burglars on Christmas Eve.",Chris Columbus,629713,"Macaulay Culkin, Joe Pesci, Daniel Stern, John Heard, ",Movie
National Lampoon's Christmas Vacation,PG-13,1hr 37 mins,7.5,Comedy,1989,The Griswold family's plans for a big family Christmas predictably turn into a big disaster.,Jeremiah S. Chechik,213196,"Chevy Chase, Beverly D'Angelo, Juliette Lewis, Johnny Galecki, ",Movie
Elf,PG,1hr 37 mins,7.1,"Adventure, Comedy, Family",2003,"Raised as an oversized elf, Buddy travels from the North Pole to New York City to meet his biological father, Walter Hobbs, who doesn't know he exists and is in desperate need of some Christmas spirit.",Jon Favreau,300546,"Will Ferrell, James Caan, Bob Newhart, Zooey Deschanel, ",Movie
How the Grinch Stole Christmas,PG,1hr 44 mins,6.3,"Comedy, Family, Fantasy",2000,"On the outskirts of Whoville lives a green, revenge-seeking Grinch who plans to ruin Christmas for all of the citizens of the town.",Ron Howard,280898,"Jim Carrey, Taylor Momsen, Kelley, Jeffrey Tambor, ",Movie
The Grinch,PG,1hr 25 mins,6.4,"Animation, Comedy, Family",2018,A grumpy Grinch plots to ruin Christmas for the village of Whoville.,Yarrow Cheney,85219,"Scott Mosier, Benedict Cumberbatch, Cameron Seely, Rashida Jones, Pharrell Williams, ",Movie
Die Hard,R,2hr 12 mins,8.2,"Action, Thriller",1988,A New York City police officer tries to save his estranged wife and several others taken hostage by terrorists during a Christmas party at the Nakatomi Plaza in Los Angeles.,John McTiernan,924658,"Bruce Willis, Alan Rickman, Bonnie Bedelia, Reginald VelJohnson, ",Movie
Home Alone 2: Lost in New York,PG,2hrs,6.9,"Adventure, Comedy, Crime",1992,"One year after Kevin McCallister was left home alone and had to defeat a pair of bumbling burglars, he accidentally finds himself stranded in New York City - and the same criminals are not far behind.",Chris Columbus,389541,"Macaulay Culkin, Joe Pesci, Daniel Stern, Catherine O'Hara, ",Movie
The Polar Express,G,1hr 40 mins,6.6,"Animation, Adventure, Comedy",2004,"On Christmas Eve, a young boy embarks on a magical adventure to the North Pole on the Polar Express, while learning about friendship, bravery, and the spirit of Christmas.",Robert Zemeckis,233258,"Tom Hanks, Chris Coppola, Michael Jeter, Leslie Zemeckis, ",Movie
It's a Wonderful Life,PG,2hr 10 mins,8.6,"Drama, Family, Fantasy",1946,An angel is sent from Heaven to help a desperately frustrated businessman by showing him what life would have been like if he had never existed.,Frank Capra,486479,"James Stewart, Donna Reed, Lionel Barrymore, Thomas Mitchell, ",Movie
The Santa Clause,PG,1hr 37 mins,6.6,"Comedy, Drama, Family",1994,"When a man inadvertently makes Santa fall off his roof on Christmas Eve, he finds himself magically recruited to take his place.",John Pasquin,130393,"Tim Allen, Judge Reinhold, Wendy Crewson, Eric Lloyd, ",Movie
White Christmas,Not Rated,2hrs,7.6,"Comedy, Musical, Romance",1954,A successful song-and-dance team become romantically involved with a sister act and team up to save the failing Vermont inn of their former commanding general.,Michael Curtiz,48751,"Bing Crosby, Danny Kaye, Rosemary Clooney, Vera-Ellen, ",Movie
Scrooged,PG-13,1hr 41 mins,6.9,"Comedy, Drama, Fantasy",1988,"A selfish, cynical television executive is haunted by three spirits bearing lessons on Christmas Eve.",Richard Donner,112793,"Bill Murray, Karen Allen, John Forsythe, John Glover, ",Movie
Spirited,PG-13,2hr 7 mins,6.6,"Comedy, Family, Musical",2022,A musical version of Charles Dickens's story of a miserly misanthrope who is taken on a magical journey.,Sean Anders,46695,"Will Ferrell, Ryan Reynolds, Octavia Spencer, Patrick Page, ",Movie
Miracle on 34th Street,PG,1hr 54 mins,6.6,"Drama, Family, Fantasy",1994,A lawyer and a little girl must prove that a man claiming to be Santa Claus is the real thing.,Les Mayfield,42222,"Richard Attenborough, Elizabeth Perkins, Dylan McDermott, J.T. Walsh, ",Movie
Klaus,PG,1hr 36 mins,8.2,"Animation, Adventure, Comedy",2019,"A simple act of kindness always sparks another, even in a frozen, faraway place. When Smeerensburg's new postman, Jesper, befriends toymaker Klaus, their gifts melt an age-old feud and deliver a sleigh full of holiday traditions.",Sergio Pablos,178753,"Carlos Martínez López, Jason Schwartzman, J.K. Simmons, Rashida Jones, Will Sasso, ",Movie
A Christmas Carol,PG,1hr 36 mins,6.8,"Animation, Adventure, Comedy",2009,"An animated retelling of Charles Dickens' classic novel about a Victorian-era miser taken on a journey of self-redemption, courtesy of several mysterious Christmas apparitions.",Robert Zemeckis,126638,"Jim Carrey, Gary Oldman, Colin Firth, Steve Valentine, ",Movie
Last Christmas,PG-13,1hr 43 mins,6.5,"Comedy, Drama, Fantasy",2019,"Kate is a young woman subscribed to bad decisions. Working as an elf in a year-round Christmas store is not good for the wannabe singer. However, she meets Tom there. Her life takes a new turn--that seems too good to be true.",Paul Feig,87409,"Madison Ingoldsby, Emma Thompson, Boris Isakovic, Lucy Miller, ",Movie
Miracle on 34th Street,Not Rated,1hr 36 mins,7.9,"Comedy, Drama, Family",1947,"After a divorced New York mother hires a nice old man to play Santa Claus at Macy's, she is startled by his claim to be the genuine article. When his sanity is questioned, a lawyer defends him in court by arguing that he's not mistaken.",George Seaton,53189,"Edmund Gwenn, Maureen O'Hara, John Payne, Gene Lockhart, ",Movie
The Muppet Christmas Carol,G,1hr 25 mins,7.8,"Comedy, Drama, Family",1992,The Muppets present their own touching rendition of Charles Dickens' classic tale.,Brian Henson,67536,"Michael Caine, Dave Goelz, Steve Whitmire, Jerry Nelson, ",Movie
Bad Santa,R,1hr 32 mins,7.1,"Comedy, Crime, Drama",2003,A miserable conman and his partner pose as Santa and his Little Helper to rob department stores on Christmas Eve. But they run into problems when the conman befriends a troubled kid.,Terry Zwigoff,152299,"Billy Bob Thornton, Bernie Mac, Lauren Graham, John Ritter, ",Movie
The Christmas Chronicles,PG,1hr 44 mins,7.0,"Adventure, Comedy, Family",2018,"The story of sister and brother, Kate and Teddy Pierce, whose Christmas Eve plan to catch Santa Claus on camera turns into an unexpected journey that most kids could only dream about.",Clay Kaytis,81195,"Kurt Russell, Darby Camp, Judah Lewis, Oliver Hudson, ",Movie
The Nightmare Before Christmas,PG,1hr 16 mins,7.9,"Animation, Family, Fantasy",1993,"Jack Skellington, king of Halloween Town, discovers Christmas Town, but his attempts to bring Christmas to his home causes confusion.",Henry Selick,368946,"Danny Elfman, Chris Sarandon, Catherine O'Hara, William Hickey, ",Movie
A Christmas Story Christmas,PG,1hr 38 mins,6.7,"Comedy, Family",2022,"Follows the now-adult Ralphie as he returns to the house on Cleveland Street to give his kids a magical Christmas like the one he had as a child, reconnecting with childhood friends, and reconciling the passing of his Old Man.",Clay Kaytis,17394,"Peter Billingsley, Erinn Hayes, River Drosche, Julianna Layne, ",Movie
Rudolph the Red-Nosed Reindeer,TV-G,47 mins,8.0,"Animation, Adventure, Comedy",1964,"A young reindeer Rudolph lives at the North Pole. His father is one of Santa's reindeer and it is expected that Rudolph will eventually be one too. However, he has a feature which is a setback and causes him to be ostracized: his red nose.",Larry Roemer,36467,"Billie Mae Richards, Burl Ives, Larry D. Mann, Paul Soles, ",Movie
How the Grinch Stole Christmas!,Not Rated,26 mins,8.3,"Animation, Comedy, Family",1966,A grumpy hermit hatches a plan to steal Christmas from the Whos of Whoville.,Chuck Jones,57368,"Ben Washam, Boris Karloff, June Foray, Dal McKennon, ",Movie
A Christmas Carol,PG,1hr 40 mins,7.8,"Drama, Family, Fantasy",1984,A bitter old miser who rationalizes his uncaring nature learns real compassion when three spirits visit him on Christmas Eve.,Clive Donner,17502,"George C. Scott, Frank Finlay, Angela Pleasence, Edward Woodward, ",Movie
Little Women,PG,2hr 15 mins,7.8,"Drama, Romance",2019,"Jo March reflects back and forth on her life, telling the beloved story of the March sisters - four young women, each determined to live life on her own terms.",Greta Gerwig,234116,"Saoirse Ronan, Emma Watson, Florence Pugh, Eliza Scanlen, ",Movie
Noelle,G,1hr 40 mins,6.3,"Comedy, Family, Fantasy",2019,"Santa's daughter must take over the family business when her father retires and her brother, who is supposed to inherit the Santa role, gets cold feet.",Marc Lawrence,26007,"Anna Kendrick, Shirley MacLaine, Bill Hader, Kingsley Ben-Adir, ",Movie
Holidate,TV-MA,1hr 44 mins,6.1,"Comedy, Romance",2020,"Fed up with being single on holidays, two strangers agree to be each other's platonic plus-ones all year long, only to catch real feelings along the way.",John Whitesell,76442,"Emma Roberts, Luke Bracey, Kristin Chenoweth, Frances Fisher, ",Movie
Black Christmas,R,1hr 38 mins,7.1,"Horror, Mystery, Thriller",1974,"During their Christmas break, a group of sorority girls are stalked by a stranger.",Bob Clark,46769,"Olivia Hussey, Keir Dullea, Margot Kidder, John Saxon, ",Movie
Santa Claus,PG,1hr 47 mins,6.2,"Adventure, Family, Fantasy",1985,The legend of Santa Claus is put in jeopardy when an unscrupulous toy manufacturer attempts to take over Christmas.,Jeannot Szwarc,15236,"Dudley Moore, John Lithgow, David Huddleston, Burgess Meredith, ",Movie
Love Hard,TV-MA,1hr 44 mins,6.3,"Comedy, Romance",2021,"An LA girl, unlucky in love, falls for an East Coast guy on a dating app and decides to surprise him for the holidays, only to discover that she's been catfished. This lighthearted romantic comedy chronicles her attempt to reel in love.",Hernán Jiménez,59820,"Nina Dobrev, Jimmy O. Yang, Darren Barnet, James Saito, ",Movie
Arthur Christmas,PG,1hr 37 mins,7.1,"Animation, Adventure, Comedy",2011,Santa's clumsy son Arthur sets out on a mission with Grandsanta to give out a misplaced present to a young girl in less than two hours on Christmas Day.,Sarah Smith,65517,"Barry Cook, James McAvoy, Jim Broadbent, Bill Nighy, Hugh Laurie, ",Movie
Holiday Inn,Passed,1hr 40 mins,7.3,"Comedy, Drama, Music",1942,"At an inn which is open only on holidays, a crooner and a hoofer vie for the affections of a beautiful up-and-coming performer.",Mark Sandrich,17038,"Robert Allen, Bing Crosby, Fred Astaire, Marjorie Reynolds, Virginia Dale, ",Movie
Santa Claus Is Comin' to Town,TV-G,48 mins,7.7,"Animation, Adventure, Comedy",1970,A mailman reveals the origin of Santa Claus.,Jules Bass,16973,"Arthur Rankin Jr., Fred Astaire, Mickey Rooney, Keenan Wynn, Paul Frees, ",Movie
Christmas in Connecticut,Approved,1hr 41 mins,7.3,"Comedy, Romance",1945,A food writer who has lied about being the perfect housewife must try to cover her deception when her boss and a returning war hero invite themselves to her home for a traditional family Christmas.,Peter Godfrey,11520,"Barbara Stanwyck, Dennis Morgan, Sydney Greenstreet, Reginald Gardiner, ",Movie
Happiest Season,PG-13,1hr 42 mins,6.6,"Comedy, Romance",2020,"A holiday romantic comedy that captures the range of emotions tied to wanting your family's acceptance, being true to yourself, and trying not to ruin Christmas.",Clea DuVall,45966,"Kristen Stewart, Mackenzie Davis, Mary Steenburgen, Victor Garber, ",Movie
The Man Who Invented Christmas,PG,1hr 44 mins,7.0,"Biography, Comedy, Drama",2017,"The journey that led to Charles Dickens' creation of ""A Christmas Carol,"" a timeless tale that would redefine Christmas.",Bharat Nalluri,18405,"Dan Stevens, Mark Schrier, Patrick Joseph Byrnes, Miriam Margolyes, ",Movie
The Christmas Chronicles: Part Two,PG,1hr 52 mins,6.0,"Adventure, Comedy, Family",2020,"Kate Pierce, now a cynical teen, is unexpectedly reunited with Santa Claus when a mysterious troublemaker threatens to cancel Christmas--forever.",Chris Columbus,34558,"Kurt Russell, Goldie Hawn, Darby Camp, Julian Dennison, ",Movie
8-Bit Christmas,PG,1hr 37 mins,6.7,"Comedy, Family",2021,"In 1980s Chicago, a 10-year-old sets out on a quest to get the Christmas gift of his generation: the latest and greatest video-game system.",Michael Dowse,20689,"Winslow Fegley, Neil Patrick Harris, Steve Zahn, June Diane Raphael, ",Movie
A Christmas Carol,TV-PG,1hr 26 mins,8.1,"Drama, Family, Fantasy",1951,"Ebenezer Scrooge, a curmudgeonly, miserly businessman, has no time for sentimentality and largely views Christmas as a waste of time. However, this Christmas Eve, he will be visited by three spirits who will show him the error of his ways.",Brian Desmond Hurst,24985,"Alastair Sim, Jack Warner, Kathleen Harrison, Mervyn Johns, ",Movie
Meet Me in St. Louis,Passed,1hr 53 mins,7.5,"Comedy, Drama, Family",1944,Young love and childish fears highlight a year in the life of a turn-of-the-century family.,Vincente Minnelli,26838,"Judy Garland, Margaret O'Brien, Mary Astor, Lucille Bremer, ",Movie
Shazam!,PG-13,2hr 12 mins,7.0,"Action, Adventure, Comedy",2019,A newly fostered young boy in search of his mother instead finds unexpected super powers and soon gains a powerful enemy.,David F. Sandberg,377356,"Zachary Levi, Mark Strong, Asher Angel, Jack Dylan Grazer, ",Movie
A Christmas Carol,TV-PG,1hr 35 mins,7.4,"Drama, Fantasy",1999,An old bitter miser who makes excuses for his uncaring nature learns real compassion when three ghosts visit him on Christmas Eve.,David Hugh Jones,10570,"Patrick Stewart, Richard E. Grant, Joel Grey, Ian McNeice, ",Movie
The Year Without a Santa Claus,TV-G,51 mins,7.7,"Animation, Comedy, Family",1974,"When a weary and discouraged Santa Claus considers skipping his Christmas Eve run one year, Mrs. Claus and his elves set out to change his mind.",Jules Bass,11270,"Arthur Rankin Jr., Shirley Booth, Mickey Rooney, Dick Shawn, George S. Irving, ",Movie
A Charlie Brown Christmas,TV-G,25 mins,8.3,"Animation, Comedy, Drama",1965,"Depressed at the commercialism he sees around him, Charlie Brown tries to find a deeper meaning to Christmas.",Bill Melendez,42695,"Ann Altieri, Chris Doran, Sally Dryer, Bill Melendez, ",Movie
Nativity!,PG,1hr 45 mins,6.4,"Comedy, Family",2009,An uptight but secretly heartbroken primary school teacher's little white lie about Hollywood coming to see his class' nativity play grows like wildfire in his rag-tag school low on self-esteem.,Debbie Isitt,12088,"Martin Freeman, Marc Wootton, Jason Watkins, Ashley Jensen, ",Movie
Batman Returns,PG-13,2hr 6 mins,7.1,"Action, Crime, Fantasy",1992,"While Batman deals with a deformed man calling himself the Penguin wreaking havoc across Gotham with the help of a cruel businessman, a female employee of the latter becomes the Catwoman with her own vendetta.",Tim Burton,322680,"Michael Keaton, Danny DeVito, Michelle Pfeiffer, Christopher Walken, ",Movie
Edward Scissorhands,PG-13,1hr 45 mins,7.9,"Drama, Fantasy, Romance",1990,The solitary life of an artificial man - who was incompletely constructed and has scissors for hands - is upended when he is taken in by a suburban family.,Tim Burton,515997,"Johnny Depp, Winona Ryder, Dianne Wiest, Anthony Michael Hall, ",Movie
Single All the Way,TV-PG,1hr 39 mins,6.2,"Comedy, Drama, Romance",2021,"Desperate to avoid his family's judgment about his perpetual single status, Peter convinces his best friend Nick to join him for the holidays and pretend that they're now in a relationship.",Michael Mayer,19024,"Michael Urie, Philemon Chambers, Luke Macfarlane, Barry Bostwick, ",Movie
Serendipity,PG-13,1hr 30 mins,6.8,"Comedy, Romance",2001,"A couple search for each other years after the night they first met, fell in love, and separated, convinced that one day they'd end up together.",Peter Chelsom,119511,"John Cusack, Kate Beckinsale, Jeremy Piven, Bridget Moynahan, ",Movie
The Bishop's Wife,G,1hr 49 mins,7.6,"Comedy, Drama, Fantasy",1947,A debonair angel comes to Earth to help an Episcopalian bishop and his wife in their quest to raise money for the new church.,Henry Koster,20151,"Cary Grant, Loretta Young, David Niven, Monty Woolley, ",Movie
Frosty the Snowman,TV-G,25 mins,7.3,"Animation, Short, Comedy",1969,A living snowman and a little girl struggle to elude a greedy magician who is after the snowman's magic hat.,Jules Bass,20959,"Arthur Rankin Jr., Jackie Vernon, Billy De Wolfe, Jimmy Durante, Paul Frees, ",Movie
Just Friends,PG-13,1hr 36 mins,6.2,"Comedy, Romance",2005,"While visiting his hometown during Christmas, a man comes face-to-face with his old high-school crush and best friend--a woman whose rejection of him turned him into a ferocious womanizer.",Roger Kumble,125453,"Ryan Reynolds, Amy Smart, Anna Faris, Chris Klein, ",Movie
Silver Linings Playbook,R,2hr 2 mins,7.7,"Comedy, Drama, Romance",2012,"After a stint in a mental institution, former teacher Pat Solitano moves back in with his parents and tries to reconcile with his ex-wife. Things get more challenging when Pat meets Tiffany, a mysterious girl with problems of her own.",David O. Russell,734121,"Bradley Cooper, Jennifer Lawrence, Robert De Niro, Jacki Weaver, ",Movie
Scrooge,G,1hr 53 mins,7.5,"Drama, Family, Fantasy",1970,"A musical retelling of Charles Dickens' classic novel about an old bitter miser taken on a journey of self-redemption, courtesy of several mysterious Christmas apparitions.",Ronald Neame,12188,"Albert Finney, Alec Guinness, Edith Evans, Kenneth More, ",Movie
Home for Christmas,TV-MA,29 mins,7.7,"Comedy, Drama, Romance",2019,"When the constant comments on her single status and society's expectations of the perfect family Christmas finally get to 30-year-old Johanne, she starts a 24-day hunt for a partner to bring home for Christmas.",Ida Elise Broch,16410,"Dennis Storhøi, Oddgeir Thune, Hege Schøyen, ",Movie
Rise of the Guardians,PG,1hr 37 mins,7.2,"Animation, Action, Adventure",2012,"When the evil spirit Pitch launches an assault on Earth, the Immortal Guardians team up to protect the innocence of children all around the world.",Peter Ramsey,189439,"Hugh Jackman, Alec Baldwin, Isla Fisher, Chris Pine, ",Movie
The Shop Around the Corner,Not Rated,1hr 39 mins,8.0,"Comedy, Drama, Romance",1940,"Two employees at a gift shop can barely stand each other, without realizing that they are falling in love through the post as each other's anonymous pen pal.",Ernst Lubitsch,37205,"Margaret Sullavan, James Stewart, Frank Morgan, Joseph Schildkraut, ",Movie
Remember the Night,Passed,1hr 34 mins,7.6,"Comedy, Drama, Romance",1939,Love blooms between a sympathetic attorney and the comely shoplifter he has taken home for the Christmas holiday.,Mitchell Leisen,6866,"Barbara Stanwyck, Fred MacMurray, Beulah Bondi, Elizabeth Patterson, ",Movie
Jingle Jangle: A Christmas Journey,PG,2hr 2 mins,6.4,"Family, Fantasy, Musical",2020,"An imaginary world comes to life in a holiday tale of an eccentric toymaker, his adventurous granddaughter, and a magical invention that has the power to change their lives forever.",David E. Talbert,20265,"Forest Whitaker, Keegan-Michael Key, Hugh Bonneville, Anika Noni Rose, ",Movie
A Christmas Carol,Passed,1hr 9 mins,7.5,"Drama, Family, Fantasy",1938,An elderly miser learns the error of his ways on Christmas Eve.,Edwin L. Marin,8494,"Reginald Owen, Gene Lockhart, Kathleen Lockhart, Terry Kilburn, ",Movie
Little Women,PG,1hr 55 mins,7.3,"Drama, Family, Romance",1994,The March sisters live and grow in post-Civil War America.,Gillian Armstrong,62422,"Susan Sarandon, Winona Ryder, Kirsten Dunst, Claire Danes, ",Movie
Prancer,G,1hr 43 mins,6.4,"Drama, Family, Fantasy",1989,"A farm girl nurses a wounded reindeer she believes is one of Santa's, hoping to bring it back to health in time for Christmas. Her holiday spirit inspires those around her, something her disheartened father is having trouble understanding.",John D. Hancock,6185,"Sam Elliott, Cloris Leachman, Rutanya Alda, Abe Vigoda, ",Movie
12 Dates of Christmas,PG,1hr 30 mins,6.3,"Comedy, Family, Fantasy",2011,"A story that follows Kate, a young woman who after a horrible blind date on Christmas Eve, wakes up to find she is re-living that same day and date all over again.",James Hayman,8054,"Laura Miyata, Vijay Mehta, Amy Smart, Audrey Dwyer, ",Movie
The Ref,R,1hr 37 mins,6.9,"Comedy, Crime, Drama",1994,"A cat burglar is forced to take a bickering, dysfunctional family hostage on Christmas Eve.",Ted Demme,26135,"Denis Leary, Judy Davis, Kevin Spacey, Robert J. Steinmiller Jr., ",Movie
This Christmas,PG-13,1hr 57 mins,6.3,"Comedy, Drama, Romance",2007,A Christmastime drama centered around the Whitfield family's first holiday together in four years.,Preston A. Whitmore II,10259,"Regina King, Columbus Short, Delroy Lindo, Idris Elba, ",Movie
The Princess Switch,TV-PG,1hr 41 mins,6.1,"Comedy, Drama, Family",2018,"Competing in a Christmas baking competition in Belgravia, a Chicago baker bumps into the prince's fiancée--who looks just like her. They switch lives for two days.",Mike Rohl,30806,"Vanessa Hudgens, Sam Palladio, Nick Sagar, Alexa Adeosun, ",Movie
The Nativity Story,PG,1hr 41 mins,6.8,"Adventure, Drama, Family",2006,A drama that focuses on the period in Mary and Joseph's life where they journeyed to Bethlehem for the birth of Jesus.,Catherine Hardwicke,12172,"Keisha Castle-Hughes, Shohreh Aghdashloo, Oscar Isaac, Hiam Abbass, ",Movie
A Very Harold & Kumar Christmas,R,1hr 30 mins,6.2,"Adventure, Comedy",2011,"Six years after their Guantanamo Bay adventure, stoner buds Harold Lee and Kumar Patel cause a holiday fracas by inadvertently burning down Harold's father-in-law's prize Christmas tree.",Todd Strauss-Schulson,72114,"Kal Penn, John Cho, Neil Patrick Harris, Patton Oswalt, ",Movie
Instant Family,PG-13,1hr 58 mins,7.3,"Comedy, Drama",2018,A couple find themselves in over their heads when they foster three children.,Sean Anders,116777,"Mark Wahlberg, Rose Byrne, Isabela Merced, Gustavo Escobar, ",Movie
Tokyo Godfathers,PG-13,1hr 32 mins,7.8,"Animation, Adventure, Comedy",2003,"On Christmas Eve, three homeless people living on the streets of Tokyo discover a newborn baby among the trash and set out to find its parents.",Satoshi Kon,45091,"Tôru Emori, Yoshiaki Umegaki, Aya Okamoto, Shôzô Îzuka, ",Movie
The Apartment,Approved,2hr 5 mins,8.3,"Comedy, Drama, Romance",1960,"A Manhattan insurance clerk tries to rise in his company by letting its executives use his apartment for trysts, but complications and a romance of his own ensue.",Billy Wilder,192532,"Jack Lemmon, Shirley MacLaine, Fred MacMurray, Ray Walston, ",Movie
A Princess for Christmas,TV-G,1hr 31 mins,6.3,"Comedy, Drama, Family",2011,"At the invitation of an estranged relative, a young woman travels with her niece and nephew to a castle in Europe for Christmas, where she unwittingly falls for a dashing Prince.",Michael Damian,9035,"Katie McGrath, Roger Moore, Sam Heughan, Travis Turner, ",Movie
Almost Christmas,PG-13,1hr 51 mins,6.1,"Comedy, Drama, Romance",2016,A dysfunctional family gathers together for their first Christmas since their mom died.,David E. Talbert,7664,"Kimberly Elise, Omar Epps, Danny Glover, Mo'Nique, ",Movie
Noel,PG,1hr 36 mins,6.1,Drama,2004,"Five New Yorkers come together on Christmas Eve, seeking a miracle.",Chazz Palminteri,10473,"Susan Sarandon, Penélope Cruz, Paul Walker, Alan Arkin, ",Movie
The Snowman,G,26 mins,8.2,"Animation, Adventure, Family",1982,"On Christmas Eve, a young boy builds a snowman that comes to life and takes him to the North Pole to meet Father Christmas.",Jimmy T. Murakami,16254,"Dianne Jackson, David Bowie, Raymond Briggs, Mel Smith, ",Movie
Mickey's Christmas Carol,G,26 mins,8.0,"Animation, Short, Comedy",1983,The classic Disney animated characters play the roles in this animated retelling of the Charles Dickens masterpiece.,Burny Mattinson,14813,"Alan Young, Wayne Allwine, Hal Smith, Will Ryan, ",Movie
Going My Way,Passed,2hr 6 mins,7.0,"Comedy, Drama, Music",1944,"When young Father O'Malley arrives at St. Dominic's, old Father Fitzgibbon doesn't think much of the church's newest member.",Leo McCarey,13137,"Bing Crosby, Barry Fitzgerald, Frank McHugh, James Brown, ",Movie
Bell Book and Candle,Approved,1hr 46 mins,6.8,"Comedy, Fantasy, Romance",1958,"A modern-day witch likes her neighbor but despises his fiancée, so she enchants him to love her instead.",Richard Quine,12635,"James Stewart, Kim Novak, Jack Lemmon, Ernie Kovacs, ",Movie
Holiday Affair,Approved,1hr 27 mins,7.1,"Comedy, Drama, Family",1949,A young widow is torn between a boring attorney and a romantic ne'er-do-well.,Don Hartman,6780,"Robert Mitchum, Janet Leigh, Wendell Corey, Gordon Gebert, ",Movie
Crown for Christmas,TV-G,1hr 26 mins,6.9,"Comedy, Drama, Family",2015,"After getting fired from her job as a maid at a ritzy New York City hotel, Allie reluctantly accepts a temporary gig as the governess to a young girl who is part of a powerful family in Europe that lives in a castle.",Alex Zamm,5499,"Danica McKellar, Rupert Penry-Jones, Ellie Botterill, Pavel Douglas, ",Movie
The Bells of St. Mary's,Unrated,2hr 6 mins,7.2,Drama,1945,"At a big city Catholic school, Father O'Malley and Sister Benedict indulge in friendly rivalry, and succeed in extending the school through the gift of a building.",Leo McCarey,9101,"Bing Crosby, Ingrid Bergman, Henry Travers, William Gargan, ",Movie
The Spirit of Christmas,Unrated,1hr 31 mins,6.4,"Drama, Mystery, Romance",2015,"12 days before Christmas, Kate is trying to close the sale of a historic inn, only to find Daniel, the ghost of a man who died a century ago, and he needs her help to unravel the mystery of his annual holiday haunting.",David Jackson,7826,"Thomas Beaudoin, Kati Salowsky, Steven A. Miller, Jen Lilley, ",Movie
Holiday,Passed,1hr 35 mins,7.7,"Comedy, Romance",1938,A young man in love with a girl from a rich family finds his unorthodox plan to go on holiday for the early years of his life met with skepticism by everyone except for his fiancée's eccentric sister and long-suffering brother.,George Cukor,17728,"Katharine Hepburn, Cary Grant, Doris Nolan, Lew Ayres, ",Movie
Christmas Under Wraps,TV-G,1hr 28 mins,6.2,"Comedy, Drama, Romance",2014,"When an aspiring surgeon is turned down for a fellowship, she takes a temporary position working as a GP in a small Alaskan town in an effort to boost her résumé.",Peter Sullivan,6172,"Candace Cameron Bure, David O'Donnell, Robert Pine, Kendra Mylnechuk, ",Movie
The Little Drummer Boy,Not Rated,25 mins,6.9,"Animation, Drama, Family",1968,An orphan drummer boy who hates humanity finds his life changed forever when he meets three wise men en route to Bethlehem.,Jules Bass,6213,"Arthur Rankin Jr., Takeya Nakamura, José Ferrer, Paul Frees, June Foray, Ted Eccles, ",Movie
An Affair to Remember,Not Rated,1hr 55 mins,7.4,"Drama, Romance",1957,A couple falls in love and agrees to meet in six months at the Empire State Building - but will it happen?,Leo McCarey,32465,"Cary Grant, Deborah Kerr, Richard Denning, Neva Patterson, ",Movie
Anne of Green Gables,TV-G,3hr 19 mins,8.5,"Drama, Family",1985,"An orphan girl, sent to an elderly brother and sister by mistake, charms her new home and community with her fiery spirit and imagination.",Megan Follows,22265,"Colleen Dewhurst, Richard Farnsworth, Patricia Hamilton, ",Movie
Rent,PG-13,2hr 15 mins,6.8,"Drama, Musical, Romance",2005,"This is the film version of the Pulitzer and Tony Award winning musical about Bohemians in the East Village of New York City struggling with life, love and AIDS, and the impacts they have on America.",Chris Columbus,55464,"Taye Diggs, Wilson Jermaine Heredia, Rosario Dawson, Anthony Rapp, ",Movie
Barbie in the Nutcracker,TV-Y,1hr 16 mins,6.3,"Animation, Family, Musical",2001,"Barbie (Kelly Sheridan) shows that if you are kind, clever and brave, anything is possible in this tale of Clara (Kelly Sheridan) and her amazing Nutcracker (Kirby Morrow), who set off on an adventure to find the Sugarplum Princess.",Owen Hurley,7855,"Kelly Sheridan, Kirby Morrow, Tim Curry, Peter Kelamis, ",Movie
The Best Man Holiday,R,2hr 3 mins,6.6,"Comedy, Drama",2013,"When college friends reunite after 15 years over the Christmas holidays, they discover just how easy it is for long-forgotten rivalries and romances to be reignited.",Malcolm D. Lee,16694,"Monica Calhoun, Morris Chestnut, Melissa De Sousa, Taye Diggs, ",Movie
March of the Wooden Soldiers,Passed,1hr 17 mins,7.1,"Comedy, Family, Fantasy",1934,"Opposing the evil Barnaby, Ollie Dee and Stanley Dum try and fail to pay-off Mother Peep's mortgage and mislead his attempts to marry Little Bo. Enraged, Barnaby's Bogeymen are set on Toyland.",Gus Meins,7433,"Charley Rogers, Stan Laurel, Oliver Hardy, Virginia Karns, Charlotte Henry, ",Movie
The Thin Man,TV-PG,1hr 31 mins,7.9,"Comedy, Crime, Mystery",1934,"Former detective Nick Charles and his wealthy wife Nora investigate a murder case, mostly for the fun of it.",W.S. Van Dyke,32021,"William Powell, Myrna Loy, Maureen O'Sullivan, Nat Pendleton, ",Movie
Little Women,Approved,2hr 2 mins,7.2,"Drama, Family, Romance",1949,The four daughters of a New England family fight for happiness during and after the Civil War.,Mervyn LeRoy,8101,"June Allyson, Peter Lawford, Margaret O'Brien, Elizabeth Taylor, ",Movie
Lady in the Lake,Passed,1hr 45 mins,6.5,"Crime, Film-Noir, Mystery",1946,The lady editor of a crime magazine hires Phillip Marlowe to find the wife of her boss. The private detective soon finds himself involved in murder.,Robert Montgomery,6134,"Robert Montgomery, Audrey Totter, Lloyd Nolan, Tom Tully, ",Movie
The Gold Rush,Passed,1hr 35 mins,8.1,"Adventure, Comedy, Drama",1925,"A prospector goes to the Klondike during the 1890s gold rush in hopes of making his fortune, and is smitten with a girl he sees in a dance hall.",Charles Chaplin,116901,"Charles Chaplin, Mack Swain, Tom Murray, Henry Bergman, ",Movie
3 Godfathers,Passed,1hr 46 mins,7.0,"Drama, Western",1948,Three outlaws on the run risk their freedom and their lives to return a newborn to civilization.,John Ford,10308,"John Wayne, Pedro Armendáriz, Harry Carey Jr., Ward Bond, ",Movie
12 Gifts of Christmas,TV-G,1hr 24 mins,6.3,"Family, Romance",2015,"With just two weeks left until Christmas, a busy marketing executive hires a struggling artist-turned-personal shopper to help him buy gifts for his friends and family.",Peter Sullivan,5162,"Katrina Law, Aaron O'Connell, Donna Mills, Melanie Nelson, ",Movie
After the Thin Man,Passed,1hr 52 mins,7.6,"Comedy, Crime, Mystery",1936,"Private detective Nick Charles and his wealthy wife Nora are back home at last and hoping for a quiet New Year when there is a murder. The obvious suspect is his wife, Nora's cousin, Selma.",W.S. Van Dyke,11898,"William Powell, Myrna Loy, James Stewart, Elissa Landi, ",Movie
Love Affair,Approved,1hr 28 mins,7.3,"Comedy, Drama, Romance",1939,A French playboy and an American former nightclub singer fall in love aboard a ship.,Leo McCarey,6198,"Irene Dunne, Charles Boyer, Maria Ouspenskaya, Lee Bowman, ",Movie
